Human_Questions,gpt_4o_mini_question,gpt_41_gs_question
Mypy does not accept my definition of a function for a child class. What went wrong? ,What decorator should be used when overriding methods in subclasses for explicit relationship?,What decorator should you use when overriding methods in subclasses in BayBE to make the relationship explicit?
Can I make changes to improve the BayBE repo?,What command is used to install an editable version of the BayBE repository including all development dependencies?,How can I run all code tests for BayBE in Python 3.12?
How should I prepare my pull request?,What is the recommended method for synchronizing a pull request branch with the upstream branch?,What is the recommended method for synchronizing a BayBE pull request branch with the latest upstream changes to keep the Git history clean?
Do I have to install sphinx separately?,What tool is used for static type checking in the BayBE developer tools?,What tool does BayBE use to detect vulnerabilities in dependencies?
What are the attrs and cattrs libraries used for?,What library is used for lean class design and attribute validation in BayBE?,What library does BayBE use for property-based testing in its test suite?
What are supported parameter types in BayBE and what are their names?,How should public functionality be organized when extending BayBE's functionality?,Where should new public functionality be imported when extending BayBEâ€™s functionality?
What is the rule to write docstrings?,What style guide do the docstrings generally follow for BayBE?,What style guide do BayBE docstrings generally follow?
What is the docstring convention in BayBE?,Where should attribute docstrings be placed in `attrs` classes?,Where should attribute docstrings be placed when writing `attrs` classes in BayBE?
Do I need to create a campaign to get recommendations?,Is it necessary to create a campaign to receive recommendations?,Is it necessary to create a campaign to get recommendations in BayBE?
"BayBE recommends A, but experimentalists do B. What now?",What should you do if BayBE recommends A but you want to do B?,Do I have to follow BayBE's recommendations exactly when running my experiments?
How to install BayBE?,How can I install BayBE?,How can I install BayBE using pip?
How to install BayBE from Github?,How can I install the latest commit of the main branch of BayBE from GitHub?,How can I install the latest commit of BayBE from GitHub?
"I want to contribute to the BayBE project by fixing a bug or adding a new feature. How should I install the package so that I can test my code changes live without having to reinstall it every time I edit a file? Also, what is the correct command to ensure I also get all the extra dependencies required for development and running tests?",How do you install the BayBE package in editable mode?,How do you install BayBE in editable mode from a local clone?
How do I install BayBE? Walk me through the installation process for BayBE.,What command installs the `baybe` package with the optional dependencies for cheminformatics and simulation?,Which optional dependency group should I install to use cheminformatics utilities in BayBE?
Does BayBE collect usage statistics?,Who does BayBE collect anonymous usage statistics from?,How can I disable all telemetry in BayBE?
Which kinds of targets are supported by BayBE?,What is BayBE primarily used for?,What type of optimization methods does BayBE offer for handling multiple targets in experiments?
Give me a code example on how to get started with BayBE,How do you install BayBE in a Python environment?,What Python command is used to install BayBE?
How do I inform BayBE about the parameters we can tune to optimize our targets?,What three parameters can be controlled in the BayBE design of experiments?,"What encoding method is used for the ""Granularity"" parameter in BayBE's search space definition?"
"Can I combine two recommenders? If yes, how do I do that?",What is the name of the meta recommender used in BayBE?,What is the purpose of using the TwoPhaseMetaRecommender in BayBE?
What can we do with a campaign object?,What function is used to recommend new experiments in BayBE?,How do you add new experimental measurements to a BayBE campaign?
 Does BayBE have a special way to encode chemical substances?,What type of encodings does BayBE use for categorical parameters in chemical substances?,What built-in feature does BayBE provide for encoding chemical substances in experiments?
I have issues installing BayBE on my Mac. How can I solve them? ,What issue is reported with BayBE on macOS-arm64 systems?,"What issue might BayBE users encounter when running on macOS-arm64 systems, especially with M1 chips?"
"My installation failed, when I tried installing polars. What do I do?",What is required for the installation of the `polars` package?,What should I install instead of polars on CPUs without AVX support for BayBE?
I have problems with CUDA. What shall I do?,What error message is associated with crashes during runtime on Windows due to a faulty torch installation?,What is a common cause of runtime crashes related to torch on Windows machines when using BayBE?
I don't understand the exception error in my PyCharm.,What Python version introduced `ExceptionGroup`s?,What Python version introduced ExceptionGroup support used by BayBE's (de-)serialization machinery?
Who can I thank for this awesome package? ,"Who is a maintainer from Merck KGaA in Darmstadt, Germany?",Who are the maintainers of BayBE?
Who are the contributors of BayBE?,Who worked on the telemetry prototype?,Who contributed the Bernoulli multi-armed bandit and Thompson sampling to BayBE?
What legal rules I must follow when I use or distribute BayBE?,"What is the URL to obtain a copy of the Apache License, Version 2.0?",Under which license is BayBE distributed?
How can I make sure that my model learns as much as possible about a process? ,What is the method called that involves selecting experiments based on the current model's uncertainty?,What is active learning in the context of experiment selection for machine learning data acquisition?
How do I tweak parameters of the UCB acquisition function,What are the two types of acquisition function in BayBE for searching points with the highest predicted model uncertainty?,What acquisition function does BayBE recommend for selecting points with the highest predicted model uncertainty?
What is a good fraction of random sampling to replace partly the integration of the search space? ,What does the `qNegIntegratedPosteriorVariance` function integrate over?,What does the qNIPV acquisition function in BayBE integrate to select candidates for global uncertainty reduction?
What can I do if some of my experiments are still running but I need new recommendations for additional experiments? ,What are pending experiments in asynchronous workflows?,"What does it mean for an experiment to be marked as ""pending"" in BayBE's asynchronous workflows?"
"What are ""pending_experiments"" good for?",What keyword does BayBE provide to mark experiments as pending?,What is the purpose of the pending_experiments keyword in BayBE?
why can't I  add partial result to my experiment model?,What is indicated by setting a target measurement value to NaN in BayBE?,How can you indicate a target measurement that has not been measured yet in BayBE?
No,What methods provide an interface for predicted target values in campaigns?,What statistics does the campaign.posterior_stats method return by default for candidate points?
How can I manually compute the value of my acquisition function?,What method computes individual acquisition values for candidates in a campaign?,What does the acquisition_values() method in BayBE campaigns return when given a set of candidates?
What would be the best practice for setting up a long-term experiment with BayBE? ,How can campaigns be serialized in BayBE?,How can you save and later restore the state of a BayBE campaign object?
I am starting a new optimization project. I know which experimental factors I can control (like ?Temperature and ?Solvent) and I know what I want to maximize (the ?Yield of a reaction). According to the documentation. How can I create a campaign?,What are the two required pieces of information needed to create a campaign in BayBE?,What are the two required components needed to create a campaign in BayBE?
Can I create a campaign from a JSON config?,How can a Campaign be created from a JSON configuration string?,How can you create a Campaign in BayBE without using the default constructor?
Can I just run part of the recommend batch without harming my model? ,What method is used to obtain a recommendation for the next batch of experiments in a campaign?,Which recommender in BayBE is currently capable of joint optimization for batch recommendations?
How do I specify that points can be recommended again (in subsequent experiments) when previous experiments are still pending?,What does the `allow_recommending_already_measured` flag control in campaigns?,What causes the recommendation cache in a BayBE Campaign to be invalidated?
Are there any restrictions on the parameter values that I can add via the `add_measurements` method?,What method is used to add experimental data during a campaign lifecycle?,What method is used to add experimental data during a BayBE campaign?
How can I make sure that all my experimental constraints are reflected in the campaign set-up? ,What must the relative concentrations of ingredients add up to when optimizing a mixture?,Does BayBE support hybrid constraints that operate on both discrete and continuous parameters?
How do I implement variable constraints that work for noisy data?,What is the purpose of `DiscreteSumConstraint` in the provided context?,What does DiscreteSumConstraint do in BayBE?
How do I avoid duplicated labels in several parameters?,What is the purpose of the DiscreteNoLabelDuplicatesConstraint?,What does the DiscreteNoLabelDuplicatesConstraint prevent in BayBE experiments?
How do I keep only parameters which have duplicate values across my dataset?,What is the purpose of the DiscreteLinkedParametersConstraint?,What does the DiscreteLinkedParametersConstraint ensure in BayBE?
Can I create  a `SearchSpace` from multiple`DiscreteDependenciesConstraint`?,What is the purpose of the `DiscreteDependenciesConstraint` in BayBE?,What happens if you create a SearchSpace from multiple DiscreteDependenciesConstraint objects in BayBE?
"I already have a DiscreteDependenciesConstraint in my model, can I use another DiscreteDependenciesConstraint inside  DiscretePermutationInvarianceConstraint? ",What is the purpose of the DiscretePermutationInvarianceConstraint in the context of solvents?,What does the DiscretePermutationInvarianceConstraint do in BayBE?
What are the keywords for setting the minimum and maximum cardinality when using the `DiscreteCardinalityConstraint`?,What does the DiscreteCardinalityConstraint control in a design?,What does the DiscreteCardinalityConstraint control in a BayBE design?
Is it possible to use serialization in a use case with custom constraints?,What is the purpose of the `DiscreteCustomConstraint` in the provided code?,What happens if you try to serialize a BayBE DiscreteCustomConstraint object?
I feel like my constraints have been ignored. Can that happen?,What does the `ContinuousLinearConstraint` assert about the equations involving parameters?,How do you specify a constraint in BayBE to ensure that three parameters sum up to 1.0?
I want to optimize mixtures.,What is the purpose of the ContinuousCardinalityConstraint?,What does the ContinuousCardinalityConstraint control in BayBE?
I want to constrain the temperature parameter of my experiment,What is the operator used in a ThresholdCondition to select values above 150?,What is the purpose of ThresholdCondition in BayBE constraints?
How do I create DiscreteExcludeConstraint?,What does the `DiscreteExcludeConstraint` do in the optimization process?,What does the DiscreteExcludeConstraint do in BayBE?
Can I use env vars?,How can you set an environment variable in Windows for BayBE?,How can I set an environment variable for BayBE on Windows?
Is it possible to fully enumerate a search space combinatorially?,What is the default value of `BAYBE_TELEMETRY_ENABLED`?,What environment variable should be set to False to completely disable BayBE telemetry?
What does Polars do?,How can you deactivate Polars in BayBE without changing the Python environment?,How can I deactivate the use of Polars in BayBE without changing the Python environment?
Where is my cache folder? ,How can you turn off disk caching in BayBE?,How can I disable disk caching in BayBE?
My optimization is running slowly and using too much memory. How do I set the ?BAYBE_NUMPY_USE_SINGLE_PRECISION and ?BAYBE_TORCH_USE_SINGLE_PRECISION environment variables to try and speed it up?,What is recommended for numerical stability during optimization?,How can I enable single precision in BayBE for NumPy and PyTorch?
How do I get my next experiment?,What method is used to request a single batch recommendation in BayBE?,"What is the most direct, stateless way to get a recommendation from BayBE for a single batch experiment?"
Can I put constraints on the recommendation space? ,What is a method to exclude certain configurations when asking for recommendations?,How can I exclude certain parameter configurations when getting recommendations in BayBE?
Is it possible to restrict the search space to avoid certain combinations or parts of the space?,How can you permanently exclude certain parameter configurations from recommendations in BayBE?,How can you permanently exclude certain parameter configurations from recommendations in BayBE?
Why did I get an error when using toggle_discrete_candidates?,What method do Campaign objects provide to dynamically enable or disable specific candidates while running?,How can you dynamically exclude specific candidates during a running Campaign in BayBE?
Can BayBE explain the recommendations?,What is the method used in BayBE to analyze the importance of features in Bayesian optimization?,What class does BayBE provide for analyzing parameter importance via SHAP?
How can I compute parameter importance?,How can a SHAPInsight be obtained from a campaign?,How can you obtain a SHAPInsight from a Campaign in BayBE?
What explainability methods are available in BayBE?,What type of plot requires the user to specify an explanation index to visualize a single data point?,How do you visualize the force analysis of a specific measurement using BayBE's SHAP insights?
I want to interpret the results BayBE provided. What do I do?,What is the default explainer used in SHAPInsight?,What is the default explainer class used when creating a SHAPInsight in BayBE?
Is it possible to use SHAP explainer for non-numerical parameter?,What flag is used to activate the computational representation in SHAPInsight?,What flag should be set to analyze the computational representation of data points in SHAPInsight?
No,What is the purpose of the `SingleTargetObjective` in BayBE?,How can you convert a single Target to a SingleTargetObjective in BayBE?
How do I combine multiple targets?,What are the two available scalarization functions in the DesirabilityObjective?,What scalarization functions are available in BayBE's DesirabilityObjective for combining multiple targets?
What is the difference between a Pareto objective and a desirability objective?,What does the `ParetoObjective` aim to identify in multi-target optimization?,What is the purpose of the ParetoObjective in BayBE?
Can I have two parameters with the same name in one campaign?,What is the only continuous parameter type supported by BayBE?,What is the only continuous parameter type currently supported by BayBE?
Which parameter type do I use if I allow my variables to have discrete and numerical values?,What is an example of a numerical discrete parameter in the provided context?,"What type should you use in BayBE for a parameter that can take a discrete set of numerical values like (0, 10, 20, 30, 40, 50)?"
I want to model different bases for my reaction,What type of parameter supports sets of strings as labels in BayBE?,What types of encoding are supported for CategoricalParameter in BayBE?
How do I create chemical SubstanceParameter? ,What type of data does the SubstanceParameter accept?,"What does the encoding option ""MORDRED"" specify when initializing a SubstanceParameter in BayBE?"
"I am optimizing an experiment where one of the parameters is the choice of catalyst. I have three specific catalysts, and I know their key performance characteristics like 'surface area', 'particle size', and 'cost'. These are not standard chemical descriptors. How can I provide this custom data to BayBE so that the recommendation model understands the underlying properties of my catalysts instead of just treating them as three unrelated options?",What is the purpose of the `CustomDiscreteParameter` in BayBE's framework?,"How can you encode a parameter in BayBE that represents a choice like vendor, using custom metrics such as delivery time or reliability?"
What do I do if I have parameters which were constant but are now subject to change when I add more data?,What is the purpose of the `TaskParameter` in BayBE?,What type of parameter does BayBE use to encode context information when mixing data from several experimental campaigns?
What is a recommender?,What are the two types of recommenders mentioned in the document?,What is the purpose of pure recommenders in BayBE?
My optimization is too slow. How can I speed up?,What is the name of the recommender based on BoTorchâ€™s optimization engine?,What argument allows you to control the percentage of the discrete subspace sampled by the BotorchRecommender in hybrid search spaces?
Which clustering recommender does BayBE have?,What clustering technique does PAMClusteringRecommender use?,Which clustering recommender in BayBE uses Gaussian Mixture Models?
How does BayBE get initial recommendations?,What type of search spaces does the FPSRecommender operate on?,Which BayBE recommender is only applicable for discrete search spaces and recommends points using farthest point sampling?
"I have a multi-stage experimental strategy. I want to start with a few random batches to get initial data, then switch to a different recommender for exploration, and finally use the powerful ?BotorchRecommender for exploitation. The ?TwoPhaseMetaRecommender seems too simple for this. How can I implement this three-stage sequence, and what happens once the sequence is finished?",What is the purpose of the `TwoPhaseMetaRecommender` in BayBE?,What attribute controls when the TwoPhaseMetaRecommender switches between recommenders in BayBE?
"Can you explain search space, subspace and search space type?",What class implements the search space in BayBE?,What are the three possible types of SearchSpaceType in BayBE?
How can I create full search space?,How can a search space be constructed using the `SearchSpace` class?,How can you create a hybrid search space in BayBE using the SearchSpace class?
Can I create a search space from a dataframe with continuous and discrete data?,What method constructs a search space from a given dataframe in the context provided?,What must be explicitly provided when using SearchSpace.from_dataframe to construct a search space from a dataframe?
Can I define constraints for my parameters?,What keyword argument is optional when constructing subspaces and search spaces?,How can you restrict search spaces in BayBE?
Is it possible to fully enumerate a search space combinatorially?,How many different parameter configurations are in the `SubspaceDiscrete` created from the provided parameters?,How can you construct a discrete subspace that contains all possible combinations of given parameter values in BayBE?
How do I convert my pandas dataframe into a BayBE search space?,What method constructs a discrete subspace from a given dataframe?,What is the default parameter type inferred by SubspaceDiscrete.from_dataframe for a data column in BayBE?
How can I create a discrete search space?,How many points are part of the simplex when using the `SubspaceDiscrete.from_simplex` method with a maximum sum of 1.0 for two parameters?,Which method can be used to create a discrete subspace with a simplex constraint in BayBE?
How is the data contained in a search space being represented and handled internally?,What are the two types of representations used for discrete subspaces?,What are the names of the two internal dataframes used to represent discrete subspaces in BayBE?
How can I create a subspace representing a hyperrectangle?,What method is used to create a continuous subspace representing a hyperrectangle in the `SubspaceContinuous` class?,How can you create a continuous subspace with explicit bounds in BayBE?
How do I create a search space from continuous data?,What method is used to create a continuous subspace from a dataframe in the provided context?,What shape of continuous subspace does SubspaceContinuous.from_dataframe create from the points in a dataframe?
How can I store my results?,What are the two alternative constructors for the `SearchSpace` class mentioned in the context?,How can you specify which alternative constructor to use when deserializing a BayBE object from a configuration string?
My DataFrame is serialized to JSON that I don't understand. How can I read it and edit it?,What is the purpose of converting DataFrames to a binary format during serialization in BayBE objects?,How does BayBE ensure that DataFrames are exactly restored after serialization and deserialization?
Does BayBE offer serialization?,How can BayBE objects be serialized into JSON format?,How can BayBE objects be serialized and deserialized to and from JSON?
I want to use a parameter for an API call later. Is it possible to create a JSON string directly?,What are the two required arguments for the `__init__` method of `CategoricalParameter`?,How do you deserialize a BayBE object from a configuration string?
What happens if I omit a value from the serialization string?,What is the encoding used for the second CategoricalParameter in the example?,How can default values be handled when deserializing a CategoricalParameter from a configuration string in BayBE?
No,How can `Intervals` be created using `NumericalTarget` in BayBE classes?,How does BayBE handle attribute conversion when deserializing from configuration strings?
"When deserializing nested objects with different object types, how do you make sure they are deserialized to the correct object subclasses?",What field is added to the serialization string in BayBE to facilitate deserialization?,"What is the purpose of the ""type"" field in BayBE's serialization strings?"
How to deserialize a class with abbreviated class variables?,"What does the abbreviation ""UCB"" stand for in the context of deserialization?",How can classes with an abbreviation class variable be deserialized in BayBE?
How do I encode targets in BayBE? How do I set different weights for targets? I have multiple targets; how do I format my input objective?,What is the type of the first target in the DesirabilityObjective example?,How can the hierarchical structure of BayBE objects like Objectives and Targets be represented in a serialization string?
Is there a difference in how different types of simulation are handled by BayBE?,"What are the two interpretations of ""simulation"" mentioned in the user guide?","What are the two main interpretations of ""simulation"" in BayBE?"
"If I have data in array format, can I use it as a lookup function in the simulation?",What decorator is used to convert a lookup callable into a dataframe-based format in BayBE's simulation package?,What decorator can be used in BayBE to convert an array-based lookup callable into the required dataframe-based format?
No,What must the dataframe have to be a valid lookup in a simulation?,What must a dataframe contain to be a valid lookup for discrete search spaces in BayBE?
No,What utility is invoked when using `None` as a lookup mechanism in testing code?,What happens when you use `None` as the lookup mechanism in BayBE simulations?
How to simulate a single experiment?,What does the `simulate_experiment` function return?,What does the simulate_experiment function in BayBE return?
"How do I simulate multiple scenarios? I’m interested in running multiple campaigns, can you show me how to do that?",What are the two additional keywords available for the `simulate_scenarios` function?,What are the two mutually exclusive keyword arguments available in the simulate_scenarios function in BayBE?
Can I use the `simulate_transfer_learning` function for continuous search spaces?,What does the function `simulate_transfer_learning` do?,What type of search spaces does the simulate_transfer_learning function currently support in BayBE?
Can I do transfer learning in BayBE?,What are the available surrogate models provided by BayBE?,What surrogate models are available in BayBE?
Can I overwrite the auto-replication method to implement my own surrogate?,How can you replicate a single-output surrogate model in a multi-output context using BayBE?,How does BayBE handle single-output surrogate models used in a multi-output context?
No,What is the purpose of manually assembling a CompositeSurrogate?,What is a requirement when manually assembling a CompositeSurrogate in BayBE?
Can I reference the current surrogate model to use it outside of the standard optimization loop?,What method does BayBE provide to extract the current surrogate model during Bayesian optimization?,What method does BayBE provide to extract the current surrogate model from a campaign?
Is there support for surrogates? Could you tell me about custom model support?,Can custom models based on the ONNX architecture be retrained in BayBE?,Can custom ONNX models be retrained in BayBE?
"I have a numerical target that ranges from –inf to +inf, do I need to scale it?",What attributes does a NumericalTarget have in BayBE?,"What attribute of a NumericalTarget in BayBE specifies whether to minimize, maximize, or match a specific value?"
How to specify temperature as a parameter for my experiment?,What are the possible modes for a NumericalTarget in BayBE?,Can NumericalTarget in BayBE be used for modeling categorical targets?
What is the keyword that I need to use when using a specific target mode?,What is the optimal value for the bounds in MATCH mode for `match_targetA`?,"In BayBE's NumericalTarget MATCH mode, what determines the optimal target value?"
Does BayBE support transfer learning? Does BayBE support contextual learning? Can I mix data from multiple sources in BayBE?,What is the term used in BayBE for the procedure that combines data from multiple similar campaigns to accelerate optimization?,What does transfer learning mean in BayBE?
"Can I use only old transfer-learning data in my campaign, without new experiment results?",What is a key advantage of using transfer learning in BayBE for optimization campaigns?,What does BayBE use to abstract context changes between campaigns in transfer learning when explicit context parameters are unavailable?
Can I do transfer learning in BayBE?,What is the purpose of the `TaskParameter` in transfer learning experiments?,How can you restrict BayBE experiment recommendations to only a subset of TaskParameter values?
Can I estimate the search space memory after applying my constraints?,"What is the estimated memory requirement for a search space created with 10 parameters, each having 20 values?",What BayBE utility can be used to estimate the memory required to represent a discrete search space?
"Does the temporary seed also affect tools like numpy, which require their own seed usually?",How can you set the global random seed in BayBE for reproducible results?,How can I set a temporary random seed in BayBE to ensure reproducible results without affecting other packages?
How can I efficiently test my code during development without having actual target values?,What utility is used to add fake target measurements in test scripts?,Which utility function in BayBE can be used to add fake target measurements to a dataframe when testing recommendation loops?
For whom does BayBE collect usage statistics?,Who does BayBE collect anonymous usage statistics from?,How can I disable all telemetry in BayBE?
Is there any way to disable the collection of usage statistics?,Who does BayBE collect anonymous usage statistics from?,How can I disable all telemetry in BayBE?
How can I add measurements to the campaign’s database?,What function is used to recommend new experiments in BayBE?,How do you add new experimental measurements to a BayBE campaign?
Can I transform BayBE objects into a different format?,How can BayBE objects be serialized into JSON format?,How can BayBE objects be serialized and deserialized to and from JSON?
